{"cameraMode":{"drawMode":0,"name":"Shaded","section":"Shading Mode"},"sceneLighting":false,"audioPlay":false,"sceneViewState":{"m_AlwaysRefresh":false,"showFog":true,"showSkybox":false,"showFlares":true,"showImageEffects":true,"showParticleSystems":true,"showVisualEffectGraphs":true,"m_FxEnabled":true},"in2DMode":false,"pivot":{"x":0.9215477108955383,"y":1.1614528894424439,"z":0.2792694568634033},"rotation":{"x":-0.18924930691719056,"y":0.11312872171401978,"z":0.021961484104394914,"w":0.9751518964767456},"size":3.8458566665649416,"orthographic":false}