{"cameraMode":{"drawMode":0,"name":"Shaded","section":"Shading Mode"},"sceneLighting":true,"audioPlay":false,"sceneViewState":{"m_AlwaysRefresh":false,"showFog":true,"showSkybox":true,"showFlares":true,"showImageEffects":true,"showParticleSystems":true,"showVisualEffectGraphs":true,"m_FxEnabled":true},"in2DMode":false,"pivot":{"x":12.315248489379883,"y":12.888799667358399,"z":1.488074779510498},"rotation":{"x":-0.022188087925314904,"y":-0.0060039181262254719,"z":-0.00011358770279912278,"w":0.9997610449790955},"size":6.214339733123779,"orthographic":true}