{"cameraMode":{"drawMode":0,"name":"Shaded","section":"Shading Mode"},"sceneLighting":false,"audioPlay":false,"sceneViewState":{"m_AlwaysRefresh":false,"showFog":true,"showSkybox":false,"showFlares":true,"showImageEffects":true,"showParticleSystems":true,"showVisualEffectGraphs":true,"m_FxEnabled":true},"in2DMode":false,"pivot":{"x":-2.690000057220459,"y":1.590000033378601,"z":-0.6620000004768372},"rotation":{"x":0.030303090810775758,"y":0.014987895265221596,"z":-0.00044907297706231475,"w":0.9994462728500366},"size":0.07071061432361603,"orthographic":false}