{"cameraMode":{"drawMode":0,"name":"Shaded","section":"Shading Mode"},"sceneLighting":false,"audioPlay":false,"sceneViewState":{"m_AlwaysRefresh":false,"showFog":true,"showSkybox":false,"showFlares":true,"showImageEffects":true,"showParticleSystems":true,"showVisualEffectGraphs":true,"m_FxEnabled":true},"in2DMode":false,"pivot":{"x":0.0026721954345703127,"y":2.0047245025634767,"z":0.0045719146728515629},"rotation":{"x":0.07820361852645874,"y":-0.02691991813480854,"z":0.0021124090999364855,"w":0.9965912103652954},"size":12.300838470458985,"orthographic":false}