{"cameraMode":{"drawMode":0,"name":"Shaded","section":"Shading Mode"},"sceneLighting":false,"audioPlay":false,"sceneViewState":{"m_AlwaysRefresh":false,"showFog":true,"showSkybox":false,"showFlares":true,"showImageEffects":true,"showParticleSystems":true,"showVisualEffectGraphs":true,"m_FxEnabled":true},"in2DMode":false,"pivot":{"x":0.029658079147338868,"y":0.595771074295044,"z":0.0502924919128418},"rotation":{"x":0.07820361852645874,"y":-0.02691991813480854,"z":0.0021124090999364855,"w":0.9965912103652954},"size":3.689268112182617,"orthographic":false}