{"cameraMode":{"drawMode":0,"name":"Shaded","section":"Shading Mode"},"sceneLighting":false,"audioPlay":false,"sceneViewState":{"m_AlwaysRefresh":false,"showFog":true,"showSkybox":false,"showFlares":true,"showImageEffects":true,"showParticleSystems":true,"showVisualEffectGraphs":true,"m_FxEnabled":true},"in2DMode":false,"pivot":{"x":0.7798876762390137,"y":1.2306344509124756,"z":-0.02736043930053711},"rotation":{"x":0.2180878072977066,"y":0.1341865211725235,"z":-0.03028865158557892,"w":0.9661856889724731},"size":4.556390285491943,"orthographic":false}