{"cameraMode":{"drawMode":0,"name":"Shaded","section":"Shading Mode"},"sceneLighting":false,"audioPlay":false,"sceneViewState":{"m_AlwaysRefresh":false,"showFog":true,"showSkybox":false,"showFlares":true,"showImageEffects":true,"showParticleSystems":true,"showVisualEffectGraphs":true,"m_FxEnabled":true},"in2DMode":false,"pivot":{"x":79.9617919921875,"y":22.081562042236329,"z":-7.766790390014648},"rotation":{"x":0.23697927594184876,"y":-0.09020271897315979,"z":0.022105904296040536,"w":0.9670817255973816},"size":10.256869316101075,"orthographic":false}