{"cameraMode":{"drawMode":0,"name":"Shaded","section":"Shading Mode"},"sceneLighting":false,"audioPlay":false,"sceneViewState":{"m_AlwaysRefresh":false,"showFog":true,"showSkybox":false,"showFlares":true,"showImageEffects":true,"showParticleSystems":true,"showVisualEffectGraphs":true,"m_FxEnabled":true},"in2DMode":false,"pivot":{"x":0.22191131114959718,"y":0.06099523603916168,"z":0.00005474686622619629},"rotation":{"x":0.024276647716760637,"y":-0.050968561321496966,"z":0.0012451205402612687,"w":0.9984211325645447},"size":1.0838866233825684,"orthographic":false}