{"cameraMode":{"drawMode":0,"name":"Shaded","section":"Shading Mode"},"sceneLighting":false,"audioPlay":false,"sceneViewState":{"m_AlwaysRefresh":false,"showFog":true,"showSkybox":false,"showFlares":true,"showImageEffects":true,"showParticleSystems":true,"showVisualEffectGraphs":true,"m_FxEnabled":true},"in2DMode":false,"pivot":{"x":0.0386354923248291,"y":6.498213291168213,"z":7.998226165771484},"rotation":{"x":0.030303090810775758,"y":0.014987895265221596,"z":-0.00044907297706231475,"w":0.9994462728500366},"size":0.7802929282188416,"orthographic":false}